algorithm,time_mean,time_std,mem_mean,mem_std
brute_force,1.7021751416659754,5.006315660885153,821.3333333333334,91.63405480496867
dp,0.004452958333280892,0.00486059123744813,6176.222222222223,3728.2395930910957
memo,0.0036850444448645694,0.004194032842892896,28123.777777777777,24533.5961921736
recursive,0.8981025833335379,2.5843460695822453,537.7777777777778,153.7655192838593
